evidence_key	commit_sha	run_url	artifact_url	artifact_digest	index_sha256	target_cells	parity_report	systemd_run_url	systemd_artifact_url	systemd_artifact_digest	verification_report
debian/tor-browser	739dd664383221912ab00c18e32e762743c8748f	https://github.com/Yunushan/linux-software-installer/actions/runs/30838575507	https://github.com/Yunushan/linux-software-installer/actions/runs/30838575507/artifacts/8867385491	sha256:f8120aa9eb93ba6878a0e732b29b17218cef6ae1a78bcb981563dc59c9f91852	7452710406555cebe6f5392575dc88e04e7d1c04908ac04e9885eeedb76dbfa2	ubuntu-24-04	docs/parity-reviews/debian-tor-browser.md	-	-	-	docs/evidence-verification/debian-tor-browser.json
debian/steam	739dd664383221912ab00c18e32e762743c8748f	https://github.com/Yunushan/linux-software-installer/actions/runs/30838575507	https://github.com/Yunushan/linux-software-installer/actions/runs/30838575507/artifacts/8867385491	sha256:f8120aa9eb93ba6878a0e732b29b17218cef6ae1a78bcb981563dc59c9f91852	7452710406555cebe6f5392575dc88e04e7d1c04908ac04e9885eeedb76dbfa2	ubuntu-24-04	docs/parity-reviews/debian-steam.md	-	-	-	docs/evidence-verification/debian-steam.json
debian/go-for-it	739dd664383221912ab00c18e32e762743c8748f	https://github.com/Yunushan/linux-software-installer/actions/runs/30838575507	https://github.com/Yunushan/linux-software-installer/actions/runs/30838575507/artifacts/8867385491	sha256:f8120aa9eb93ba6878a0e732b29b17218cef6ae1a78bcb981563dc59c9f91852	7452710406555cebe6f5392575dc88e04e7d1c04908ac04e9885eeedb76dbfa2	debian-12,ubuntu-24-04,ubuntu-26-04	docs/parity-reviews/debian-go-for-it.md	-	-	-	docs/evidence-verification/debian-go-for-it.json
debian/hexchat	739dd664383221912ab00c18e32e762743c8748f	https://github.com/Yunushan/linux-software-installer/actions/runs/30838575507	https://github.com/Yunushan/linux-software-installer/actions/runs/30838575507/artifacts/8867385491	sha256:f8120aa9eb93ba6878a0e732b29b17218cef6ae1a78bcb981563dc59c9f91852	7452710406555cebe6f5392575dc88e04e7d1c04908ac04e9885eeedb76dbfa2	debian-12,ubuntu-24-04,ubuntu-26-04	docs/parity-reviews/debian-hexchat.md	-	-	-	docs/evidence-verification/debian-hexchat.json
debian/konversation	739dd664383221912ab00c18e32e762743c8748f	https://github.com/Yunushan/linux-software-installer/actions/runs/30838575507	https://github.com/Yunushan/linux-software-installer/actions/runs/30838575507/artifacts/8867385491	sha256:f8120aa9eb93ba6878a0e732b29b17218cef6ae1a78bcb981563dc59c9f91852	7452710406555cebe6f5392575dc88e04e7d1c04908ac04e9885eeedb76dbfa2	debian-12,ubuntu-24-04,ubuntu-26-04	docs/parity-reviews/debian-konversation.md	-	-	-	docs/evidence-verification/debian-konversation.json
debian/liferea	739dd664383221912ab00c18e32e762743c8748f	https://github.com/Yunushan/linux-software-installer/actions/runs/30838575507	https://github.com/Yunushan/linux-software-installer/actions/runs/30838575507/artifacts/8867385491	sha256:f8120aa9eb93ba6878a0e732b29b17218cef6ae1a78bcb981563dc59c9f91852	7452710406555cebe6f5392575dc88e04e7d1c04908ac04e9885eeedb76dbfa2	debian-12,ubuntu-24-04,ubuntu-26-04	docs/parity-reviews/debian-liferea.md	-	-	-	docs/evidence-verification/debian-liferea.json
debian/blender	739dd664383221912ab00c18e32e762743c8748f	https://github.com/Yunushan/linux-software-installer/actions/runs/30838575507	https://github.com/Yunushan/linux-software-installer/actions/runs/30838575507/artifacts/8867385491	sha256:f8120aa9eb93ba6878a0e732b29b17218cef6ae1a78bcb981563dc59c9f91852	7452710406555cebe6f5392575dc88e04e7d1c04908ac04e9885eeedb76dbfa2	debian-12,ubuntu-24-04,ubuntu-26-04	docs/parity-reviews/debian-blender.md	-	-	-	docs/evidence-verification/debian-blender.json
debian/build-tools	739dd664383221912ab00c18e32e762743c8748f	https://github.com/Yunushan/linux-software-installer/actions/runs/30838575507	https://github.com/Yunushan/linux-software-installer/actions/runs/30838575507/artifacts/8867385491	sha256:f8120aa9eb93ba6878a0e732b29b17218cef6ae1a78bcb981563dc59c9f91852	7452710406555cebe6f5392575dc88e04e7d1c04908ac04e9885eeedb76dbfa2	debian-12,ubuntu-24-04,ubuntu-26-04	docs/parity-reviews/debian-build-tools.md	-	-	-	docs/evidence-verification/debian-build-tools.json
debian/caffeine	739dd664383221912ab00c18e32e762743c8748f	https://github.com/Yunushan/linux-software-installer/actions/runs/30838575507	https://github.com/Yunushan/linux-software-installer/actions/runs/30838575507/artifacts/8867385491	sha256:f8120aa9eb93ba6878a0e732b29b17218cef6ae1a78bcb981563dc59c9f91852	7452710406555cebe6f5392575dc88e04e7d1c04908ac04e9885eeedb76dbfa2	debian-12,ubuntu-24-04,ubuntu-26-04	docs/parity-reviews/debian-caffeine.md	-	-	-	docs/evidence-verification/debian-caffeine.json
debian/calibre	739dd664383221912ab00c18e32e762743c8748f	https://github.com/Yunushan/linux-software-installer/actions/runs/30838575507	https://github.com/Yunushan/linux-software-installer/actions/runs/30838575507/artifacts/8867385491	sha256:f8120aa9eb93ba6878a0e732b29b17218cef6ae1a78bcb981563dc59c9f91852	7452710406555cebe6f5392575dc88e04e7d1c04908ac04e9885eeedb76dbfa2	debian-12,ubuntu-24-04,ubuntu-26-04	docs/parity-reviews/debian-calibre.md	-	-	-	docs/evidence-verification/debian-calibre.json
debian/conky	739dd664383221912ab00c18e32e762743c8748f	https://github.com/Yunushan/linux-software-installer/actions/runs/30838575507	https://github.com/Yunushan/linux-software-installer/actions/runs/30838575507/artifacts/8867385491	sha256:f8120aa9eb93ba6878a0e732b29b17218cef6ae1a78bcb981563dc59c9f91852	7452710406555cebe6f5392575dc88e04e7d1c04908ac04e9885eeedb76dbfa2	debian-12,ubuntu-24-04,ubuntu-26-04	docs/parity-reviews/debian-conky.md	-	-	-	docs/evidence-verification/debian-conky.json
debian/vim	739dd664383221912ab00c18e32e762743c8748f	https://github.com/Yunushan/linux-software-installer/actions/runs/30838575507	https://github.com/Yunushan/linux-software-installer/actions/runs/30838575507/artifacts/8867385491	sha256:f8120aa9eb93ba6878a0e732b29b17218cef6ae1a78bcb981563dc59c9f91852	7452710406555cebe6f5392575dc88e04e7d1c04908ac04e9885eeedb76dbfa2	debian-12,ubuntu-24-04,ubuntu-26-04	docs/parity-reviews/debian-vim.md	-	-	-	docs/evidence-verification/debian-vim.json
debian/neovim	739dd664383221912ab00c18e32e762743c8748f	https://github.com/Yunushan/linux-software-installer/actions/runs/30838575507	https://github.com/Yunushan/linux-software-installer/actions/runs/30838575507/artifacts/8867385491	sha256:f8120aa9eb93ba6878a0e732b29b17218cef6ae1a78bcb981563dc59c9f91852	7452710406555cebe6f5392575dc88e04e7d1c04908ac04e9885eeedb76dbfa2	debian-12,ubuntu-24-04,ubuntu-26-04	docs/parity-reviews/debian-neovim.md	-	-	-	docs/evidence-verification/debian-neovim.json
debian/midnight-commander	739dd664383221912ab00c18e32e762743c8748f	https://github.com/Yunushan/linux-software-installer/actions/runs/30838575507	https://github.com/Yunushan/linux-software-installer/actions/runs/30838575507/artifacts/8867385491	sha256:f8120aa9eb93ba6878a0e732b29b17218cef6ae1a78bcb981563dc59c9f91852	7452710406555cebe6f5392575dc88e04e7d1c04908ac04e9885eeedb76dbfa2	debian-12,ubuntu-24-04,ubuntu-26-04	docs/parity-reviews/debian-midnight-commander.md	-	-	-	docs/evidence-verification/debian-midnight-commander.json
debian/irssi	739dd664383221912ab00c18e32e762743c8748f	https://github.com/Yunushan/linux-software-installer/actions/runs/30838575507	https://github.com/Yunushan/linux-software-installer/actions/runs/30838575507/artifacts/8867385491	sha256:f8120aa9eb93ba6878a0e732b29b17218cef6ae1a78bcb981563dc59c9f91852	7452710406555cebe6f5392575dc88e04e7d1c04908ac04e9885eeedb76dbfa2	debian-12,ubuntu-24-04,ubuntu-26-04	docs/parity-reviews/debian-irssi.md	-	-	-	docs/evidence-verification/debian-irssi.json
debian/vuze	739dd664383221912ab00c18e32e762743c8748f	https://github.com/Yunushan/linux-software-installer/actions/runs/30838575507	https://github.com/Yunushan/linux-software-installer/actions/runs/30838575507/artifacts/8867385491	sha256:f8120aa9eb93ba6878a0e732b29b17218cef6ae1a78bcb981563dc59c9f91852	7452710406555cebe6f5392575dc88e04e7d1c04908ac04e9885eeedb76dbfa2	debian-12,ubuntu-24-04,ubuntu-26-04	docs/parity-reviews/debian-vuze.md	-	-	-	docs/evidence-verification/debian-vuze.json
debian/ffmpeg	739dd664383221912ab00c18e32e762743c8748f	https://github.com/Yunushan/linux-software-installer/actions/runs/30838575507	https://github.com/Yunushan/linux-software-installer/actions/runs/30838575507/artifacts/8867385491	sha256:f8120aa9eb93ba6878a0e732b29b17218cef6ae1a78bcb981563dc59c9f91852	7452710406555cebe6f5392575dc88e04e7d1c04908ac04e9885eeedb76dbfa2	debian-12,ubuntu-24-04,ubuntu-26-04	docs/parity-reviews/debian-ffmpeg.md	-	-	-	docs/evidence-verification/debian-ffmpeg.json
debian/monitoring-tools	739dd664383221912ab00c18e32e762743c8748f	https://github.com/Yunushan/linux-software-installer/actions/runs/30838575507	https://github.com/Yunushan/linux-software-installer/actions/runs/30838575507/artifacts/8867385491	sha256:f8120aa9eb93ba6878a0e732b29b17218cef6ae1a78bcb981563dc59c9f91852	7452710406555cebe6f5392575dc88e04e7d1c04908ac04e9885eeedb76dbfa2	debian-12,ubuntu-24-04,ubuntu-26-04	docs/parity-reviews/debian-monitoring-tools.md	-	-	-	docs/evidence-verification/debian-monitoring-tools.json
debian/wine	739dd664383221912ab00c18e32e762743c8748f	https://github.com/Yunushan/linux-software-installer/actions/runs/30838575507	https://github.com/Yunushan/linux-software-installer/actions/runs/30838575507/artifacts/8867385491	sha256:f8120aa9eb93ba6878a0e732b29b17218cef6ae1a78bcb981563dc59c9f91852	7452710406555cebe6f5392575dc88e04e7d1c04908ac04e9885eeedb76dbfa2	debian-12,ubuntu-24-04,ubuntu-26-04	docs/parity-reviews/debian-wine.md	-	-	-	docs/evidence-verification/debian-wine.json
debian/qbittorrent	739dd664383221912ab00c18e32e762743c8748f	https://github.com/Yunushan/linux-software-installer/actions/runs/30838575507	https://github.com/Yunushan/linux-software-installer/actions/runs/30838575507/artifacts/8867385491	sha256:f8120aa9eb93ba6878a0e732b29b17218cef6ae1a78bcb981563dc59c9f91852	7452710406555cebe6f5392575dc88e04e7d1c04908ac04e9885eeedb76dbfa2	debian-12,ubuntu-24-04,ubuntu-26-04	docs/parity-reviews/debian-qbittorrent.md	-	-	-	docs/evidence-verification/debian-qbittorrent.json
debian/gimp	739dd664383221912ab00c18e32e762743c8748f	https://github.com/Yunushan/linux-software-installer/actions/runs/30838575507	https://github.com/Yunushan/linux-software-installer/actions/runs/30838575507/artifacts/8867385491	sha256:f8120aa9eb93ba6878a0e732b29b17218cef6ae1a78bcb981563dc59c9f91852	7452710406555cebe6f5392575dc88e04e7d1c04908ac04e9885eeedb76dbfa2	debian-12,ubuntu-24-04,ubuntu-26-04	docs/parity-reviews/debian-gimp.md	-	-	-	docs/evidence-verification/debian-gimp.json
debian/nmap	739dd664383221912ab00c18e32e762743c8748f	https://github.com/Yunushan/linux-software-installer/actions/runs/30838575507	https://github.com/Yunushan/linux-software-installer/actions/runs/30838575507/artifacts/8867385491	sha256:f8120aa9eb93ba6878a0e732b29b17218cef6ae1a78bcb981563dc59c9f91852	7452710406555cebe6f5392575dc88e04e7d1c04908ac04e9885eeedb76dbfa2	debian-12,ubuntu-24-04,ubuntu-26-04	docs/parity-reviews/debian-nmap.md	-	-	-	docs/evidence-verification/debian-nmap.json
rhel/nmap	739dd664383221912ab00c18e32e762743c8748f	https://github.com/Yunushan/linux-software-installer/actions/runs/30838575507	https://github.com/Yunushan/linux-software-installer/actions/runs/30838575507/artifacts/8867385491	sha256:f8120aa9eb93ba6878a0e732b29b17218cef6ae1a78bcb981563dc59c9f91852	7452710406555cebe6f5392575dc88e04e7d1c04908ac04e9885eeedb76dbfa2	alma-9-8,rocky-9-8	docs/parity-reviews/rhel-nmap.md	-	-	-	docs/evidence-verification/rhel-nmap.json
debian/vlc	739dd664383221912ab00c18e32e762743c8748f	https://github.com/Yunushan/linux-software-installer/actions/runs/30838575507	https://github.com/Yunushan/linux-software-installer/actions/runs/30838575507/artifacts/8867385491	sha256:f8120aa9eb93ba6878a0e732b29b17218cef6ae1a78bcb981563dc59c9f91852	7452710406555cebe6f5392575dc88e04e7d1c04908ac04e9885eeedb76dbfa2	debian-12,ubuntu-24-04,ubuntu-26-04	docs/parity-reviews/debian-vlc.md	-	-	-	docs/evidence-verification/debian-vlc.json
debian/audacity	739dd664383221912ab00c18e32e762743c8748f	https://github.com/Yunushan/linux-software-installer/actions/runs/30838575507	https://github.com/Yunushan/linux-software-installer/actions/runs/30838575507/artifacts/8867385491	sha256:f8120aa9eb93ba6878a0e732b29b17218cef6ae1a78bcb981563dc59c9f91852	7452710406555cebe6f5392575dc88e04e7d1c04908ac04e9885eeedb76dbfa2	debian-12,ubuntu-24-04,ubuntu-26-04	docs/parity-reviews/debian-audacity.md	-	-	-	docs/evidence-verification/debian-audacity.json
debian/openshot	739dd664383221912ab00c18e32e762743c8748f	https://github.com/Yunushan/linux-software-installer/actions/runs/30838575507	https://github.com/Yunushan/linux-software-installer/actions/runs/30838575507/artifacts/8867385491	sha256:f8120aa9eb93ba6878a0e732b29b17218cef6ae1a78bcb981563dc59c9f91852	7452710406555cebe6f5392575dc88e04e7d1c04908ac04e9885eeedb76dbfa2	debian-12,ubuntu-24-04,ubuntu-26-04	docs/parity-reviews/debian-openshot.md	-	-	-	docs/evidence-verification/debian-openshot.json
debian/obs-studio	739dd664383221912ab00c18e32e762743c8748f	https://github.com/Yunushan/linux-software-installer/actions/runs/30838575507	https://github.com/Yunushan/linux-software-installer/actions/runs/30838575507/artifacts/8867385491	sha256:f8120aa9eb93ba6878a0e732b29b17218cef6ae1a78bcb981563dc59c9f91852	7452710406555cebe6f5392575dc88e04e7d1c04908ac04e9885eeedb76dbfa2	debian-12,ubuntu-24-04,ubuntu-26-04	docs/parity-reviews/debian-obs-studio.md	-	-	-	docs/evidence-verification/debian-obs-studio.json
debian/deluge	739dd664383221912ab00c18e32e762743c8748f	https://github.com/Yunushan/linux-software-installer/actions/runs/30838575507	https://github.com/Yunushan/linux-software-installer/actions/runs/30838575507/artifacts/8867385491	sha256:f8120aa9eb93ba6878a0e732b29b17218cef6ae1a78bcb981563dc59c9f91852	7452710406555cebe6f5392575dc88e04e7d1c04908ac04e9885eeedb76dbfa2	debian-12,ubuntu-24-04,ubuntu-26-04	docs/parity-reviews/debian-deluge.md	-	-	-	docs/evidence-verification/debian-deluge.json
debian/mpv	739dd664383221912ab00c18e32e762743c8748f	https://github.com/Yunushan/linux-software-installer/actions/runs/30838575507	https://github.com/Yunushan/linux-software-installer/actions/runs/30838575507/artifacts/8867385491	sha256:f8120aa9eb93ba6878a0e732b29b17218cef6ae1a78bcb981563dc59c9f91852	7452710406555cebe6f5392575dc88e04e7d1c04908ac04e9885eeedb76dbfa2	debian-12,ubuntu-24-04,ubuntu-26-04	docs/parity-reviews/debian-mpv.md	-	-	-	docs/evidence-verification/debian-mpv.json
debian/smplayer	739dd664383221912ab00c18e32e762743c8748f	https://github.com/Yunushan/linux-software-installer/actions/runs/30838575507	https://github.com/Yunushan/linux-software-installer/actions/runs/30838575507/artifacts/8867385491	sha256:f8120aa9eb93ba6878a0e732b29b17218cef6ae1a78bcb981563dc59c9f91852	7452710406555cebe6f5392575dc88e04e7d1c04908ac04e9885eeedb76dbfa2	debian-12,ubuntu-24-04,ubuntu-26-04	docs/parity-reviews/debian-smplayer.md	-	-	-	docs/evidence-verification/debian-smplayer.json
debian/kazam	739dd664383221912ab00c18e32e762743c8748f	https://github.com/Yunushan/linux-software-installer/actions/runs/30838575507	https://github.com/Yunushan/linux-software-installer/actions/runs/30838575507/artifacts/8867385491	sha256:f8120aa9eb93ba6878a0e732b29b17218cef6ae1a78bcb981563dc59c9f91852	7452710406555cebe6f5392575dc88e04e7d1c04908ac04e9885eeedb76dbfa2	debian-12,ubuntu-24-04,ubuntu-26-04	docs/parity-reviews/debian-kazam.md	-	-	-	docs/evidence-verification/debian-kazam.json
debian/handbrake	739dd664383221912ab00c18e32e762743c8748f	https://github.com/Yunushan/linux-software-installer/actions/runs/30838575507	https://github.com/Yunushan/linux-software-installer/actions/runs/30838575507/artifacts/8867385491	sha256:f8120aa9eb93ba6878a0e732b29b17218cef6ae1a78bcb981563dc59c9f91852	7452710406555cebe6f5392575dc88e04e7d1c04908ac04e9885eeedb76dbfa2	debian-12,ubuntu-24-04,ubuntu-26-04	docs/parity-reviews/debian-handbrake.md	-	-	-	docs/evidence-verification/debian-handbrake.json
debian/inkscape	739dd664383221912ab00c18e32e762743c8748f	https://github.com/Yunushan/linux-software-installer/actions/runs/30838575507	https://github.com/Yunushan/linux-software-installer/actions/runs/30838575507/artifacts/8867385491	sha256:f8120aa9eb93ba6878a0e732b29b17218cef6ae1a78bcb981563dc59c9f91852	7452710406555cebe6f5392575dc88e04e7d1c04908ac04e9885eeedb76dbfa2	debian-12,ubuntu-24-04,ubuntu-26-04	docs/parity-reviews/debian-inkscape.md	-	-	-	docs/evidence-verification/debian-inkscape.json
debian/kodi	739dd664383221912ab00c18e32e762743c8748f	https://github.com/Yunushan/linux-software-installer/actions/runs/30838575507	https://github.com/Yunushan/linux-software-installer/actions/runs/30838575507/artifacts/8867385491	sha256:f8120aa9eb93ba6878a0e732b29b17218cef6ae1a78bcb981563dc59c9f91852	7452710406555cebe6f5392575dc88e04e7d1c04908ac04e9885eeedb76dbfa2	debian-12,ubuntu-24-04,ubuntu-26-04	docs/parity-reviews/debian-kodi.md	-	-	-	docs/evidence-verification/debian-kodi.json
debian/krita	739dd664383221912ab00c18e32e762743c8748f	https://github.com/Yunushan/linux-software-installer/actions/runs/30838575507	https://github.com/Yunushan/linux-software-installer/actions/runs/30838575507/artifacts/8867385491	sha256:f8120aa9eb93ba6878a0e732b29b17218cef6ae1a78bcb981563dc59c9f91852	7452710406555cebe6f5392575dc88e04e7d1c04908ac04e9885eeedb76dbfa2	debian-12,ubuntu-24-04,ubuntu-26-04	docs/parity-reviews/debian-krita.md	-	-	-	docs/evidence-verification/debian-krita.json
debian/kdenlive	739dd664383221912ab00c18e32e762743c8748f	https://github.com/Yunushan/linux-software-installer/actions/runs/30838575507	https://github.com/Yunushan/linux-software-installer/actions/runs/30838575507/artifacts/8867385491	sha256:f8120aa9eb93ba6878a0e732b29b17218cef6ae1a78bcb981563dc59c9f91852	7452710406555cebe6f5392575dc88e04e7d1c04908ac04e9885eeedb76dbfa2	debian-12,ubuntu-24-04,ubuntu-26-04	docs/parity-reviews/debian-kdenlive.md	-	-	-	docs/evidence-verification/debian-kdenlive.json
debian/clementine	739dd664383221912ab00c18e32e762743c8748f	https://github.com/Yunushan/linux-software-installer/actions/runs/30838575507	https://github.com/Yunushan/linux-software-installer/actions/runs/30838575507/artifacts/8867385491	sha256:f8120aa9eb93ba6878a0e732b29b17218cef6ae1a78bcb981563dc59c9f91852	7452710406555cebe6f5392575dc88e04e7d1c04908ac04e9885eeedb76dbfa2	debian-12,ubuntu-24-04,ubuntu-26-04	docs/parity-reviews/debian-clementine.md	-	-	-	docs/evidence-verification/debian-clementine.json
debian/geary	739dd664383221912ab00c18e32e762743c8748f	https://github.com/Yunushan/linux-software-installer/actions/runs/30838575507	https://github.com/Yunushan/linux-software-installer/actions/runs/30838575507/artifacts/8867385491	sha256:f8120aa9eb93ba6878a0e732b29b17218cef6ae1a78bcb981563dc59c9f91852	7452710406555cebe6f5392575dc88e04e7d1c04908ac04e9885eeedb76dbfa2	debian-12,ubuntu-24-04,ubuntu-26-04	docs/parity-reviews/debian-geary.md	-	-	-	docs/evidence-verification/debian-geary.json
debian/uget	739dd664383221912ab00c18e32e762743c8748f	https://github.com/Yunushan/linux-software-installer/actions/runs/30838575507	https://github.com/Yunushan/linux-software-installer/actions/runs/30838575507/artifacts/8867385491	sha256:f8120aa9eb93ba6878a0e732b29b17218cef6ae1a78bcb981563dc59c9f91852	7452710406555cebe6f5392575dc88e04e7d1c04908ac04e9885eeedb76dbfa2	debian-12,ubuntu-24-04,ubuntu-26-04	docs/parity-reviews/debian-uget.md	-	-	-	docs/evidence-verification/debian-uget.json
debian/sayonara	739dd664383221912ab00c18e32e762743c8748f	https://github.com/Yunushan/linux-software-installer/actions/runs/30838575507	https://github.com/Yunushan/linux-software-installer/actions/runs/30838575507/artifacts/8867385491	sha256:f8120aa9eb93ba6878a0e732b29b17218cef6ae1a78bcb981563dc59c9f91852	7452710406555cebe6f5392575dc88e04e7d1c04908ac04e9885eeedb76dbfa2	debian-12,ubuntu-24-04,ubuntu-26-04	docs/parity-reviews/debian-sayonara.md	-	-	-	docs/evidence-verification/debian-sayonara.json
debian/musicbrainz-picard	739dd664383221912ab00c18e32e762743c8748f	https://github.com/Yunushan/linux-software-installer/actions/runs/30838575507	https://github.com/Yunushan/linux-software-installer/actions/runs/30838575507/artifacts/8867385491	sha256:f8120aa9eb93ba6878a0e732b29b17218cef6ae1a78bcb981563dc59c9f91852	7452710406555cebe6f5392575dc88e04e7d1c04908ac04e9885eeedb76dbfa2	debian-12,ubuntu-24-04,ubuntu-26-04	docs/parity-reviews/debian-musicbrainz-picard.md	-	-	-	docs/evidence-verification/debian-musicbrainz-picard.json
debian/shotcut	739dd664383221912ab00c18e32e762743c8748f	https://github.com/Yunushan/linux-software-installer/actions/runs/30838575507	https://github.com/Yunushan/linux-software-installer/actions/runs/30838575507/artifacts/8867385491	sha256:f8120aa9eb93ba6878a0e732b29b17218cef6ae1a78bcb981563dc59c9f91852	7452710406555cebe6f5392575dc88e04e7d1c04908ac04e9885eeedb76dbfa2	debian-12,ubuntu-24-04,ubuntu-26-04	docs/parity-reviews/debian-shotcut.md	-	-	-	docs/evidence-verification/debian-shotcut.json
debian/okular	739dd664383221912ab00c18e32e762743c8748f	https://github.com/Yunushan/linux-software-installer/actions/runs/30838575507	https://github.com/Yunushan/linux-software-installer/actions/runs/30838575507/artifacts/8867385491	sha256:f8120aa9eb93ba6878a0e732b29b17218cef6ae1a78bcb981563dc59c9f91852	7452710406555cebe6f5392575dc88e04e7d1c04908ac04e9885eeedb76dbfa2	debian-12,ubuntu-24-04,ubuntu-26-04	docs/parity-reviews/debian-okular.md	-	-	-	docs/evidence-verification/debian-okular.json
debian/quassel	739dd664383221912ab00c18e32e762743c8748f	https://github.com/Yunushan/linux-software-installer/actions/runs/30838575507	https://github.com/Yunushan/linux-software-installer/actions/runs/30838575507/artifacts/8867385491	sha256:f8120aa9eb93ba6878a0e732b29b17218cef6ae1a78bcb981563dc59c9f91852	7452710406555cebe6f5392575dc88e04e7d1c04908ac04e9885eeedb76dbfa2	debian-12,ubuntu-24-04,ubuntu-26-04	docs/parity-reviews/debian-quassel.md	-	-	-	docs/evidence-verification/debian-quassel.json
debian/bluefish	739dd664383221912ab00c18e32e762743c8748f	https://github.com/Yunushan/linux-software-installer/actions/runs/30838575507	https://github.com/Yunushan/linux-software-installer/actions/runs/30838575507/artifacts/8867385491	sha256:f8120aa9eb93ba6878a0e732b29b17218cef6ae1a78bcb981563dc59c9f91852	7452710406555cebe6f5392575dc88e04e7d1c04908ac04e9885eeedb76dbfa2	debian-12,ubuntu-24-04,ubuntu-26-04	docs/parity-reviews/debian-bluefish.md	-	-	-	docs/evidence-verification/debian-bluefish.json
debian/geany	739dd664383221912ab00c18e32e762743c8748f	https://github.com/Yunushan/linux-software-installer/actions/runs/30838575507	https://github.com/Yunushan/linux-software-installer/actions/runs/30838575507/artifacts/8867385491	sha256:f8120aa9eb93ba6878a0e732b29b17218cef6ae1a78bcb981563dc59c9f91852	7452710406555cebe6f5392575dc88e04e7d1c04908ac04e9885eeedb76dbfa2	debian-12,ubuntu-24-04,ubuntu-26-04	docs/parity-reviews/debian-geany.md	-	-	-	docs/evidence-verification/debian-geany.json
debian/emacs	739dd664383221912ab00c18e32e762743c8748f	https://github.com/Yunushan/linux-software-installer/actions/runs/30838575507	https://github.com/Yunushan/linux-software-installer/actions/runs/30838575507/artifacts/8867385491	sha256:f8120aa9eb93ba6878a0e732b29b17218cef6ae1a78bcb981563dc59c9f91852	7452710406555cebe6f5392575dc88e04e7d1c04908ac04e9885eeedb76dbfa2	debian-12,ubuntu-24-04,ubuntu-26-04	docs/parity-reviews/debian-emacs.md	-	-	-	docs/evidence-verification/debian-emacs.json
rhel/irssi	739dd664383221912ab00c18e32e762743c8748f	https://github.com/Yunushan/linux-software-installer/actions/runs/30838575507	https://github.com/Yunushan/linux-software-installer/actions/runs/30838575507/artifacts/8867385491	sha256:f8120aa9eb93ba6878a0e732b29b17218cef6ae1a78bcb981563dc59c9f91852	7452710406555cebe6f5392575dc88e04e7d1c04908ac04e9885eeedb76dbfa2	alma-9-8,rocky-9-8	docs/parity-reviews/rhel-irssi.md	-	-	-	docs/evidence-verification/rhel-irssi.json
rhel/emacs	739dd664383221912ab00c18e32e762743c8748f	https://github.com/Yunushan/linux-software-installer/actions/runs/30838575507	https://github.com/Yunushan/linux-software-installer/actions/runs/30838575507/artifacts/8867385491	sha256:f8120aa9eb93ba6878a0e732b29b17218cef6ae1a78bcb981563dc59c9f91852	7452710406555cebe6f5392575dc88e04e7d1c04908ac04e9885eeedb76dbfa2	alma-9-8,rocky-9-8	docs/parity-reviews/rhel-emacs.md	-	-	-	docs/evidence-verification/rhel-emacs.json
rhel/gimp	739dd664383221912ab00c18e32e762743c8748f	https://github.com/Yunushan/linux-software-installer/actions/runs/30838575507	https://github.com/Yunushan/linux-software-installer/actions/runs/30838575507/artifacts/8867385491	sha256:f8120aa9eb93ba6878a0e732b29b17218cef6ae1a78bcb981563dc59c9f91852	7452710406555cebe6f5392575dc88e04e7d1c04908ac04e9885eeedb76dbfa2	alma-9-8,rocky-9-8	docs/parity-reviews/rhel-gimp.md	-	-	-	docs/evidence-verification/rhel-gimp.json
rhel/ruby	739dd664383221912ab00c18e32e762743c8748f	https://github.com/Yunushan/linux-software-installer/actions/runs/30838575507	https://github.com/Yunushan/linux-software-installer/actions/runs/30838575507/artifacts/8867385491	sha256:f8120aa9eb93ba6878a0e732b29b17218cef6ae1a78bcb981563dc59c9f91852	7452710406555cebe6f5392575dc88e04e7d1c04908ac04e9885eeedb76dbfa2	alma-9-8,rocky-9-8	docs/parity-reviews/rhel-ruby.md	-	-	-	docs/evidence-verification/rhel-ruby.json
rhel/build-tools	739dd664383221912ab00c18e32e762743c8748f	https://github.com/Yunushan/linux-software-installer/actions/runs/30838575507	https://github.com/Yunushan/linux-software-installer/actions/runs/30838575507/artifacts/8867385491	sha256:f8120aa9eb93ba6878a0e732b29b17218cef6ae1a78bcb981563dc59c9f91852	7452710406555cebe6f5392575dc88e04e7d1c04908ac04e9885eeedb76dbfa2	alma-9-8,rocky-9-8	docs/parity-reviews/rhel-build-tools.md	-	-	-	docs/evidence-verification/rhel-build-tools.json
rhel/openjdk	739dd664383221912ab00c18e32e762743c8748f	https://github.com/Yunushan/linux-software-installer/actions/runs/30838575507	https://github.com/Yunushan/linux-software-installer/actions/runs/30838575507/artifacts/8867385491	sha256:f8120aa9eb93ba6878a0e732b29b17218cef6ae1a78bcb981563dc59c9f91852	7452710406555cebe6f5392575dc88e04e7d1c04908ac04e9885eeedb76dbfa2	alma-9-8,rocky-9-8	docs/parity-reviews/rhel-openjdk.md	-	-	-	docs/evidence-verification/rhel-openjdk.json
rhel/python	739dd664383221912ab00c18e32e762743c8748f	https://github.com/Yunushan/linux-software-installer/actions/runs/30838575507	https://github.com/Yunushan/linux-software-installer/actions/runs/30838575507/artifacts/8867385491	sha256:f8120aa9eb93ba6878a0e732b29b17218cef6ae1a78bcb981563dc59c9f91852	7452710406555cebe6f5392575dc88e04e7d1c04908ac04e9885eeedb76dbfa2	alma-9-8,rocky-9-8	docs/parity-reviews/rhel-python.md	-	-	-	docs/evidence-verification/rhel-python.json
rhel/nodejs	739dd664383221912ab00c18e32e762743c8748f	https://github.com/Yunushan/linux-software-installer/actions/runs/30838575507	https://github.com/Yunushan/linux-software-installer/actions/runs/30838575507/artifacts/8867385491	sha256:f8120aa9eb93ba6878a0e732b29b17218cef6ae1a78bcb981563dc59c9f91852	7452710406555cebe6f5392575dc88e04e7d1c04908ac04e9885eeedb76dbfa2	alma-9-8,rocky-9-8	docs/parity-reviews/rhel-nodejs.md	-	-	-	docs/evidence-verification/rhel-nodejs.json
rhel/podman	739dd664383221912ab00c18e32e762743c8748f	https://github.com/Yunushan/linux-software-installer/actions/runs/30838575507	https://github.com/Yunushan/linux-software-installer/actions/runs/30838575507/artifacts/8867385491	sha256:f8120aa9eb93ba6878a0e732b29b17218cef6ae1a78bcb981563dc59c9f91852	7452710406555cebe6f5392575dc88e04e7d1c04908ac04e9885eeedb76dbfa2	alma-9-8,rocky-9-8	docs/parity-reviews/rhel-podman.md	-	-	-	docs/evidence-verification/rhel-podman.json
rhel/dotnet-sdk	739dd664383221912ab00c18e32e762743c8748f	https://github.com/Yunushan/linux-software-installer/actions/runs/30838575507	https://github.com/Yunushan/linux-software-installer/actions/runs/30838575507/artifacts/8867385491	sha256:f8120aa9eb93ba6878a0e732b29b17218cef6ae1a78bcb981563dc59c9f91852	7452710406555cebe6f5392575dc88e04e7d1c04908ac04e9885eeedb76dbfa2	alma-9-8,rocky-9-8	docs/parity-reviews/rhel-dotnet-sdk.md	-	-	-	docs/evidence-verification/rhel-dotnet-sdk.json
rhel/vim	739dd664383221912ab00c18e32e762743c8748f	https://github.com/Yunushan/linux-software-installer/actions/runs/30838575507	https://github.com/Yunushan/linux-software-installer/actions/runs/30838575507/artifacts/8867385491	sha256:f8120aa9eb93ba6878a0e732b29b17218cef6ae1a78bcb981563dc59c9f91852	7452710406555cebe6f5392575dc88e04e7d1c04908ac04e9885eeedb76dbfa2	alma-9-8,rocky-9-8	docs/parity-reviews/rhel-vim.md	-	-	-	docs/evidence-verification/rhel-vim.json
rhel/ansible	739dd664383221912ab00c18e32e762743c8748f	https://github.com/Yunushan/linux-software-installer/actions/runs/30838575507	https://github.com/Yunushan/linux-software-installer/actions/runs/30838575507/artifacts/8867385491	sha256:f8120aa9eb93ba6878a0e732b29b17218cef6ae1a78bcb981563dc59c9f91852	7452710406555cebe6f5392575dc88e04e7d1c04908ac04e9885eeedb76dbfa2	alma-9-8,rocky-9-8	docs/parity-reviews/rhel-ansible.md	-	-	-	docs/evidence-verification/rhel-ansible.json
debian/qt	739dd664383221912ab00c18e32e762743c8748f	https://github.com/Yunushan/linux-software-installer/actions/runs/30838575507	https://github.com/Yunushan/linux-software-installer/actions/runs/30838575507/artifacts/8867385491	sha256:f8120aa9eb93ba6878a0e732b29b17218cef6ae1a78bcb981563dc59c9f91852	7452710406555cebe6f5392575dc88e04e7d1c04908ac04e9885eeedb76dbfa2	debian-12,ubuntu-24-04,ubuntu-26-04	docs/parity-reviews/debian-qt.md	-	-	-	docs/evidence-verification/debian-qt.json
debian/timeshift	739dd664383221912ab00c18e32e762743c8748f	https://github.com/Yunushan/linux-software-installer/actions/runs/30838575507	https://github.com/Yunushan/linux-software-installer/actions/runs/30838575507/artifacts/8867385491	sha256:f8120aa9eb93ba6878a0e732b29b17218cef6ae1a78bcb981563dc59c9f91852	7452710406555cebe6f5392575dc88e04e7d1c04908ac04e9885eeedb76dbfa2	debian-12,ubuntu-24-04,ubuntu-26-04	docs/parity-reviews/debian-timeshift.md	-	-	-	docs/evidence-verification/debian-timeshift.json
debian/stacer	739dd664383221912ab00c18e32e762743c8748f	https://github.com/Yunushan/linux-software-installer/actions/runs/30838575507	https://github.com/Yunushan/linux-software-installer/actions/runs/30838575507/artifacts/8867385491	sha256:f8120aa9eb93ba6878a0e732b29b17218cef6ae1a78bcb981563dc59c9f91852	7452710406555cebe6f5392575dc88e04e7d1c04908ac04e9885eeedb76dbfa2	debian-12,ubuntu-24-04,ubuntu-26-04	docs/parity-reviews/debian-stacer.md	-	-	-	docs/evidence-verification/debian-stacer.json
debian/weechat	739dd664383221912ab00c18e32e762743c8748f	https://github.com/Yunushan/linux-software-installer/actions/runs/30838575507	https://github.com/Yunushan/linux-software-installer/actions/runs/30838575507/artifacts/8867385491	sha256:f8120aa9eb93ba6878a0e732b29b17218cef6ae1a78bcb981563dc59c9f91852	7452710406555cebe6f5392575dc88e04e7d1c04908ac04e9885eeedb76dbfa2	debian-12,ubuntu-24-04,ubuntu-26-04	docs/parity-reviews/debian-weechat.md	-	-	-	docs/evidence-verification/debian-weechat.json
debian/simplescreenrecorder	739dd664383221912ab00c18e32e762743c8748f	https://github.com/Yunushan/linux-software-installer/actions/runs/30838575507	https://github.com/Yunushan/linux-software-installer/actions/runs/30838575507/artifacts/8867385491	sha256:f8120aa9eb93ba6878a0e732b29b17218cef6ae1a78bcb981563dc59c9f91852	7452710406555cebe6f5392575dc88e04e7d1c04908ac04e9885eeedb76dbfa2	debian-12,ubuntu-24-04,ubuntu-26-04	docs/parity-reviews/debian-simplescreenrecorder.md	-	-	-	docs/evidence-verification/debian-simplescreenrecorder.json
debian/shutter	739dd664383221912ab00c18e32e762743c8748f	https://github.com/Yunushan/linux-software-installer/actions/runs/30838575507	https://github.com/Yunushan/linux-software-installer/actions/runs/30838575507/artifacts/8867385491	sha256:f8120aa9eb93ba6878a0e732b29b17218cef6ae1a78bcb981563dc59c9f91852	7452710406555cebe6f5392575dc88e04e7d1c04908ac04e9885eeedb76dbfa2	debian-12,ubuntu-24-04,ubuntu-26-04	docs/parity-reviews/debian-shutter.md	-	-	-	docs/evidence-verification/debian-shutter.json
debian/plank	739dd664383221912ab00c18e32e762743c8748f	https://github.com/Yunushan/linux-software-installer/actions/runs/30838575507	https://github.com/Yunushan/linux-software-installer/actions/runs/30838575507/artifacts/8867385491	sha256:f8120aa9eb93ba6878a0e732b29b17218cef6ae1a78bcb981563dc59c9f91852	7452710406555cebe6f5392575dc88e04e7d1c04908ac04e9885eeedb76dbfa2	debian-12,ubuntu-24-04,ubuntu-26-04	docs/parity-reviews/debian-plank.md	-	-	-	docs/evidence-verification/debian-plank.json
debian/thonny	739dd664383221912ab00c18e32e762743c8748f	https://github.com/Yunushan/linux-software-installer/actions/runs/30838575507	https://github.com/Yunushan/linux-software-installer/actions/runs/30838575507/artifacts/8867385491	sha256:f8120aa9eb93ba6878a0e732b29b17218cef6ae1a78bcb981563dc59c9f91852	7452710406555cebe6f5392575dc88e04e7d1c04908ac04e9885eeedb76dbfa2	debian-12,ubuntu-24-04,ubuntu-26-04	docs/parity-reviews/debian-thonny.md	-	-	-	docs/evidence-verification/debian-thonny.json
debian/magic-wormhole	739dd664383221912ab00c18e32e762743c8748f	https://github.com/Yunushan/linux-software-installer/actions/runs/30838575507	https://github.com/Yunushan/linux-software-installer/actions/runs/30838575507/artifacts/8867385491	sha256:f8120aa9eb93ba6878a0e732b29b17218cef6ae1a78bcb981563dc59c9f91852	7452710406555cebe6f5392575dc88e04e7d1c04908ac04e9885eeedb76dbfa2	debian-12,ubuntu-24-04,ubuntu-26-04	docs/parity-reviews/debian-magic-wormhole.md	-	-	-	docs/evidence-verification/debian-magic-wormhole.json
debian/wings3d	739dd664383221912ab00c18e32e762743c8748f	https://github.com/Yunushan/linux-software-installer/actions/runs/30838575507	https://github.com/Yunushan/linux-software-installer/actions/runs/30838575507/artifacts/8867385491	sha256:f8120aa9eb93ba6878a0e732b29b17218cef6ae1a78bcb981563dc59c9f91852	7452710406555cebe6f5392575dc88e04e7d1c04908ac04e9885eeedb76dbfa2	debian-12,ubuntu-24-04,ubuntu-26-04	docs/parity-reviews/debian-wings3d.md	-	-	-	docs/evidence-verification/debian-wings3d.json
debian/darktable	739dd664383221912ab00c18e32e762743c8748f	https://github.com/Yunushan/linux-software-installer/actions/runs/30838575507	https://github.com/Yunushan/linux-software-installer/actions/runs/30838575507/artifacts/8867385491	sha256:f8120aa9eb93ba6878a0e732b29b17218cef6ae1a78bcb981563dc59c9f91852	7452710406555cebe6f5392575dc88e04e7d1c04908ac04e9885eeedb76dbfa2	debian-12,ubuntu-24-04,ubuntu-26-04	docs/parity-reviews/debian-darktable.md	-	-	-	docs/evidence-verification/debian-darktable.json
debian/typecatcher	739dd664383221912ab00c18e32e762743c8748f	https://github.com/Yunushan/linux-software-installer/actions/runs/30838575507	https://github.com/Yunushan/linux-software-installer/actions/runs/30838575507/artifacts/8867385491	sha256:f8120aa9eb93ba6878a0e732b29b17218cef6ae1a78bcb981563dc59c9f91852	7452710406555cebe6f5392575dc88e04e7d1c04908ac04e9885eeedb76dbfa2	debian-12,ubuntu-24-04,ubuntu-26-04	docs/parity-reviews/debian-typecatcher.md	-	-	-	docs/evidence-verification/debian-typecatcher.json
debian/variety	739dd664383221912ab00c18e32e762743c8748f	https://github.com/Yunushan/linux-software-installer/actions/runs/30838575507	https://github.com/Yunushan/linux-software-installer/actions/runs/30838575507/artifacts/8867385491	sha256:f8120aa9eb93ba6878a0e732b29b17218cef6ae1a78bcb981563dc59c9f91852	7452710406555cebe6f5392575dc88e04e7d1c04908ac04e9885eeedb76dbfa2	debian-12,ubuntu-24-04,ubuntu-26-04	docs/parity-reviews/debian-variety.md	-	-	-	docs/evidence-verification/debian-variety.json
debian/mumble	739dd664383221912ab00c18e32e762743c8748f	https://github.com/Yunushan/linux-software-installer/actions/runs/30838575507	https://github.com/Yunushan/linux-software-installer/actions/runs/30838575507/artifacts/8867385491	sha256:f8120aa9eb93ba6878a0e732b29b17218cef6ae1a78bcb981563dc59c9f91852	7452710406555cebe6f5392575dc88e04e7d1c04908ac04e9885eeedb76dbfa2	debian-12,ubuntu-24-04,ubuntu-26-04	docs/parity-reviews/debian-mumble.md	-	-	-	docs/evidence-verification/debian-mumble.json
debian/libreoffice	739dd664383221912ab00c18e32e762743c8748f	https://github.com/Yunushan/linux-software-installer/actions/runs/30838575507	https://github.com/Yunushan/linux-software-installer/actions/runs/30838575507/artifacts/8867385491	sha256:f8120aa9eb93ba6878a0e732b29b17218cef6ae1a78bcb981563dc59c9f91852	7452710406555cebe6f5392575dc88e04e7d1c04908ac04e9885eeedb76dbfa2	debian-12,ubuntu-24-04,ubuntu-26-04	docs/parity-reviews/debian-libreoffice.md	-	-	-	docs/evidence-verification/debian-libreoffice.json
debian/remmina	739dd664383221912ab00c18e32e762743c8748f	https://github.com/Yunushan/linux-software-installer/actions/runs/30838575507	https://github.com/Yunushan/linux-software-installer/actions/runs/30838575507/artifacts/8867385491	sha256:f8120aa9eb93ba6878a0e732b29b17218cef6ae1a78bcb981563dc59c9f91852	7452710406555cebe6f5392575dc88e04e7d1c04908ac04e9885eeedb76dbfa2	debian-12,ubuntu-24-04,ubuntu-26-04	docs/parity-reviews/debian-remmina.md	-	-	-	docs/evidence-verification/debian-remmina.json
debian/dvblast	739dd664383221912ab00c18e32e762743c8748f	https://github.com/Yunushan/linux-software-installer/actions/runs/30838575507	https://github.com/Yunushan/linux-software-installer/actions/runs/30838575507/artifacts/8867385491	sha256:f8120aa9eb93ba6878a0e732b29b17218cef6ae1a78bcb981563dc59c9f91852	7452710406555cebe6f5392575dc88e04e7d1c04908ac04e9885eeedb76dbfa2	debian-12,ubuntu-24-04,ubuntu-26-04	docs/parity-reviews/debian-dvblast.md	-	-	-	docs/evidence-verification/debian-dvblast.json
debian/python	739dd664383221912ab00c18e32e762743c8748f	https://github.com/Yunushan/linux-software-installer/actions/runs/30838575507	https://github.com/Yunushan/linux-software-installer/actions/runs/30838575507/artifacts/8867385491	sha256:f8120aa9eb93ba6878a0e732b29b17218cef6ae1a78bcb981563dc59c9f91852	7452710406555cebe6f5392575dc88e04e7d1c04908ac04e9885eeedb76dbfa2	debian-12,ubuntu-24-04,ubuntu-26-04	docs/parity-reviews/debian-python.md	-	-	-	docs/evidence-verification/debian-python.json
debian/openjdk	739dd664383221912ab00c18e32e762743c8748f	https://github.com/Yunushan/linux-software-installer/actions/runs/30838575507	https://github.com/Yunushan/linux-software-installer/actions/runs/30838575507/artifacts/8867385491	sha256:f8120aa9eb93ba6878a0e732b29b17218cef6ae1a78bcb981563dc59c9f91852	7452710406555cebe6f5392575dc88e04e7d1c04908ac04e9885eeedb76dbfa2	debian-12,ubuntu-24-04,ubuntu-26-04	docs/parity-reviews/debian-openjdk.md	-	-	-	docs/evidence-verification/debian-openjdk.json
debian/playonlinux	739dd664383221912ab00c18e32e762743c8748f	https://github.com/Yunushan/linux-software-installer/actions/runs/30838575507	https://github.com/Yunushan/linux-software-installer/actions/runs/30838575507/artifacts/8867385491	sha256:f8120aa9eb93ba6878a0e732b29b17218cef6ae1a78bcb981563dc59c9f91852	7452710406555cebe6f5392575dc88e04e7d1c04908ac04e9885eeedb76dbfa2	ubuntu-24-04	docs/parity-reviews/debian-playonlinux.md	-	-	-	docs/evidence-verification/debian-playonlinux.json
debian/telegram	739dd664383221912ab00c18e32e762743c8748f	https://github.com/Yunushan/linux-software-installer/actions/runs/30838575507	https://github.com/Yunushan/linux-software-installer/actions/runs/30838575507/artifacts/8867385491	sha256:f8120aa9eb93ba6878a0e732b29b17218cef6ae1a78bcb981563dc59c9f91852	7452710406555cebe6f5392575dc88e04e7d1c04908ac04e9885eeedb76dbfa2	debian-12	docs/parity-reviews/debian-telegram.md	-	-	-	docs/evidence-verification/debian-telegram.json
